id,name,year,group,status,dob,birthplace,gender,alma_mater,spaceflights,spaceflight_hours,spacewalks,spacewalk_hours,missions
1,Joseph M. Acaba,2004,19,Active,5/17/1967,"Inglewood, CA",Male,University of California-Santa Barbara,2,3307,2,13,"STS-119 (Discovery), ISS-31/32 (Soyuz)"
2,Loren W. Acton,1985,10,Retired,03/07/1936,"Lewiston, MT",Male,Montana State University,1,190,0,0,STS 51-F (Challenger)
3,James C. Adamson,1984,10,Retired,03/03/1946,"Warsaw, NY",Male,US Military Academy,2,334,0,0,"STS-28 (Columbia), STS-43 (Atlantis)"
4,Thomas D. Akers,1987,12,Retired,5/20/1951,"St. Louis, MO",Male,University of Missouri-Rolla,4,814,4,29,"STS-41 (Discovery), STS-49 (Endeavor), STS-61 (Endeavor), STS-79 (Atlantis)"
5,Buzz Aldrin,1963,3,Retired,1/20/1930,"Montclair, NJ",Male,US Military Academy,2,289,2,8,"Gemini 12, Apollo 11"
6,Andrew M. Allen,1987,12,Retired,08/04/1955,"Philadelphia, PA",Male,Villanova University,3,906,0,0,"STS-46 (Atlantis), STS-62 (Columbia), STS-75 (Columbia)"
7,Joseph P. Allen,1967,6,Retired,6/27/1937,"Crawsfordsville, IN",Male,DePauw University,2,313,2,12,"ST-5 (Columbia), STS 51-A (Discovery)"
8,Scott D. Altman,1995,15,Retired,8/15/1959,"Lincoln, IL",Male,University of Illinois,4,1236,0,0,"STS-90 (Columbia), STS-106 (Atlantis), STS-109 (Columbia), STS-125 (Atlantis)"
9,William A. Anders,1963,3,Retired,10/17/1933,Hong Kong,Male,US Naval Academy,1,147,0,0,Apollo 8
10,Clayton C. Anderson,1998,17,Retired,2/23/1959,"Omaha, NE",Male,Hastings College,2,4005,6,38,"STS-117/120 (Atlantis/Discovery), STS-131 (Discovery)"
11,Michael P. Anderson,1995,15,Deceased,12/25/1959,"Plattsburgh, NY",Male,University of Washington,2,594,0,0,"STS-89 (Endeavor), STS-107 (Columbia)"
12,Dominic A. Antonelli,2000,18,Active,8/23/1967,"Detroit, MI",Male,MIT,2,579,0,0,"STS-119 (Discovery), STS-132 (Atlantis)"
13,Jerome Apt III ,1985,11,Retired,4/18/1949,"Springfield, MA",Male,Harvard University,4,847,2,11,"STS-37 (Atlantis), STS-47 (Endeavor), STS-59 (Endeavor), STS-79 (Atlantis)"
14,Lee J. Archambault,1998,17,Retired,8/25/1960,"Oak Park, IL",Male,University of Illinois-Urbana,2,639,0,0,"STS-117 (Atlantis), STS-119 (Discovery)"
15,Neil A. Armstrong,1962,2,Deceased,08/05/1930,"Wapakoneta, OH",Male,Purdue University,2,205,1,2,"Gemini 8, Apollo 11"
16,Richard R. Arnold II ,2004,19,Active,11/26/1963,"Cheverly, MD",Male,Frostburg State University,1,307,2,12,STS-119 (Discovery)
17,Jeffrey S. Ashby,1995,15,Retired,06/01/1954,"Dallas, TX",Male,University of Idaho,3,655,0,0,"STS-93 (Columbia), STS-100 (Endeavor), STS-112 (Atlantis)"
18,Serena M. Aunon,2009,20,Active,04/09/1976,"Indianapolis, IN",Female,George Washington University,0,0,0,0,
19,James P. Bagian,1980,9,Retired,2/22/1952,"Philadelphia, PA",Male,Drexel University,2,337,0,0,"STS-29 (Discovery), STS-40 (Columbia)"
20,Ellen S. Baker,1984,10,Retired,4/27/1953,"Fayettesville, NC",Female,State University of New York-Buffalo,3,686,0,0,"STS-34 (Atlantis), STS-50 (Columbia), STS-71 (Atlantis)"
21,Michael A. Baker,1985,11,Management,10/27/1953,"Memphis, TN",Male,University of Texas,4,965,0,0,"STS-43 (Atlantis), STS-52 (Columbia), STS-68 (Endeavor), STS-81 (Atlantis)"
22,Michael R. Barratt,2000,18,Active,4/16/1959,"Vancouver, WA",Male,University of Washington,2,5075,1,5,"ISS-19/20 (Soyuz), STS-133 (Discovery)"
23,Daniel T. Barry,1992,14,Retired,12/30/1953,"Norwalk, CT",Male,Cornell University,3,733,4,26,"STS-72 (Endeavor), STS-96 (Discovery), STS-105 (Discovery)"
24,John-David F. Bartoe,1985,10,Retired,11/17/1944,"Abington, PA",Male,Lehigh University,1,190,0,0,STS 51-F (Challenger)
25,Charles A. Bassett II ,1963,3,Deceased,12/30/1931,"Dayton, OH",Male,Texas Technological College,0,0,0,0,
26,Alan L. Bean,1963,3,Retired,3/15/1932,"Wheeler, TX",Male,University of Texas,2,1671,3,10,"Apollo 12, Skylab 3"
27,Robert L. Behnken,2000,18,Active,7/28/1970,"Creve Couer, MO",Male,Washington University,2,708,6,37,"STS-123 (Endeavor), STS-130 (Endeavor)"
28,John E. Blaha,1980,9,Retired,8/26/1942,"San Antonio, TX",Male,US Air Force Academy,5,3861,0,0,"STS-29 (Discovery), STS-33 (Discovery), STS-43 (Atlantis), STS-58 (Columbia), STS-79/81 (Atlantis/Atlantis)"
29,Michael J. Bloomfield,1995,15,Retired,3/16/1959,"Flint, MI",Male,US Air Force Academy,3,779,0,0,"STS-86 (Atlantis), STS-97 (Endeavor), STS-110 (Atlantis)"
30,Guion S. Bluford Jr. ,1978,8,Retired,11/22/1942,"Philadelphia, PA",Male,Pennsylvania State University,4,689,0,0,"STS-8 (Challenger), STS 61-A (Challenger), STS-39 (Discovery), STS-53 (Discovery)"
31,Karol J. Bobko,1969,7,Retired,12/23/1937,"New York, NY",Male,US Air Force Academy,3,386,0,0,"STS-6 (Challenger), STS 51-D (Discovery), STS-51-J (Atlantis)"
32,Eric A. Boe,2000,18,Active,10/01/1964,"Miami, FL",Male,US Air Force Academy,2,687,0,0,"STS-126 (Endeavor), STS-133 (Discovery)"
33,Charles F. Bolden Jr. ,1980,9,Management,8/19/1946,"Columbia, SC",Male,US Naval Academy,4,680,0,0,"STS-61C (Columbia), STS-31 (Discovery), STS-45 (Atlantis), STS-60 (Discovery)"
34,Frank Borman,1962,2,Retired,3/14/1928,"Gary, IN",Male,US Military Academy,2,477,0,0,"Gemini 7, Apollo 8"
35,Stephen G. Bowen,2000,18,Active,2/13/1964,"Cohasset, MA",Male,US Naval Academy,3,970,7,47,"STS-126 (Endeavor), STS-132 (Atlantis), STS-133 (Discovery)"
36,Kenneth D. Bowersox,1987,12,Retired,11/14/1956,"Portsmouth, VA",Male,US Naval Academy,5,5078,2,13,"STS-50 (Columbia), STS-61 (Endeavor), STS-73 (Columbia), STS-82 (Discovery), STS-113 (Endeavor/Soyuz)"
37,Charles E. Brady Jr. ,1992,14,Deceased,08/12/1951,"Pinehurst, NC",Male,University of North Carolina at Chapel Hill,1,405,0,0,STS-78 (Columbia)
38,Vance D. Brand,1966,5,Retired,05/09/1931,"Longmont, CA",Male,University of Colorado,4,752,0,0,"Apollo-Soyuz Test Project, STS-5 (Columbia), STS 41-B (Challenger), STS-35 (Columbia)"
39,Daniel C. Brandenstein,1978,8,Retired,1/17/1943,"Watertown, WI",Male,University of Wisconsin,4,789,0,0,"STS-8 (Challenger), STS 51-G (Discovery), STS-32 (Columbia), STS-49 (Endeavor)"
40,Randolph J. Bresnik,2004,19,Active,09/11/1967,"Fort Knox, KY",Male,The Citadel,1,259,2,12,STS-129 (Atlantis)
41,Roy D. Bridges Jr. ,1980,9,Retired,7/19/1943,"Atlanta, GA",Male,US Air Force Academy,1,190,0,0,STS 51-F (Challenger)
42,Curtis L. Brown Jr. ,1987,12,Retired,03/11/1956,"Elizabethtown, NC",Male,US Air Force Academy,6,1383,0,0,"STS-47 (Endeavor), STS-66 (Atlantis), STS-77 (Endeavor), STS-85 (Discovery), STS-95 (Discovery), STS-103 (Discovery)"
43,David M. Brown,1996,16,Deceased,4/16/1956,"Arlington, VA",Male,College of William & Mary,1,382,0,0,STS-107 (Columbia)
44,Mark N. Brown,1984,10,Retired,11/18/1951,"Valparaiso, IN",Male,Purdue University,2,249,0,0,"STS 28 (Columbia), STS-48 (Discovery)"
45,James F. Buchli,1978,8,Retired,6/20/1945,"New Rockford, ND",Male,US Naval Academy,4,490,0,0,"STS 51-C (Discovery), STS 61-A (Challenger), STS-29 (Discovery), STS-48 (Discovery"
46,Jay Clark Buckey,1998,17,Retired,06/06/1956,"New York, NY",Male,Cornell University,1,381,0,0,STS-90 (Columbia)
47,John S. Bull,1966,5,Deceased,9/25/1934,"Memphis, TN",Male,Rice University,0,0,0,0,
48,Daniel C. Burbank,1996,16,Active,7/27/1961,"Machester, CT",Male,US Coast Guard Academy,3,4512,1,7,"STS-106 (Atlantis), STS-115 (Atlantis), ISS-29/30 (Soyuz)"
49,Daniel W. Bursch,1990,13,Retired,7/25/1957,"Bristol, PA",Male,US Naval Academy,4,5446,2,12,"STS-51 (Discovery), STS-68 (Endeavor), STS-77 (Endeavor), STS-108/111 (Endeavor)"
50,Robert D. Cabana,1985,11,Management,1/23/1949,"Minneapolis, MN",Male,US Naval Academy,4,910,0,0,"STS-41 (Discovery), STS-53 (Discovery), STS-65 (Columbia), STS-88 (Endeavor)"
51,Yvonne D. Cagle,1996,16,Management,4/24/1959,"West Point, NY",Female,San Francisco State University,0,0,0,0,
52,Fernando Caldeiro,1996,16,Deceased,06/12/1958,"Buenos Aires, Argentina",Male,University of Arizona,0,0,0,0,
53,Tracy E. Caldwell (Dyson),1998,17,Active,8/14/1969,"Arcadia, CA",Female,California State University-Fullerton,2,4531,3,23,"STS-118 (Endeavor), ISS-23/24 (Soyuz)"
54,Charles J. Camarda,1996,16,Management,05/08/1952,"Queens, NY",Male,Polytechnic Institute of Brooklyn,1,333,0,0,STS-114 (Discovery)
55,Kenneth D. Cameron,1984,10,Retired,11/29/1949,"Cleveland, OH",Male,MIT,3,562,0,0,"STS-37 (Atlantis), STS-56 (Discovery), STS-74 (Atlantis)"
56,Duane G. Carey,1996,16,Retired,4/30/1957,"St. Paul, MN",Male,University of Minnesota-Minneapolis,1,262,0,0,STS-109 (Columbia)
57,M. Scott Carpenter,1959,1,Retired,05/01/1925,"Boulder, CO",Male,University of Colorado,1,4,0,0,Mercury 7
58,Gerald P. Carr,1966,5,Retired,8/22/1932,"Denver, CO",Male,University of Southern California,1,2017,3,16,Skylab 4
59,Manley Lanier Carter Jr. ,1984,10,Deceased,8/15/1947,"Macon, GA",Male,Emory University,1,120,0,0,STS-33 (Discovery)
60,John H. Casper,1984,10,Management,07/09/1943,"Greenville, SC",Male,US Air Force Academy,4,825,0,0,"STS-36 (Atlantis), STS-54 (Endeavor), STS-62 (Columbia), STS-77 (Endeavor)"
61,Christopher J. Cassidy,2004,19,Active,01/04/1970,"Salem, MA",Male,US Naval Academy,1,4376,6,31,STS-127 (Endeavor)
62,Robert Cenker,1986,11,Retired,11/05/1948,"Uniontown, PA",Male,Pennsylvania State University,1,146,0,0,STS 61-C (Columbia)
63,Eugene A. Cernan,1963,3,Retired,3/14/1934,"Chicago, IL",Male,Purdue University,3,566,4,24,"Gemini 9, Apollo 10, Apollo 17"
64,Roger B. Chaffee,1963,3,Deceased,2/15/1935,"Grand Rapids, MI",Male,Purdue University,1,0,0,0,Apollo 1
65,Gregory E. Chamitoff,1998,17,Active,08/06/1962,"Montreal, Canada",Male,California Polytechnic State University,2,4770,2,13,"STS-124/126 (Discovery/Endeavor), STS-134 (Endeavor)"
66,Franklin R. Chang-Diaz,1980,9,Retired,04/05/1950,"San Jose, Costa Rica",Male,University of Connecticut,7,1602,3,19,"STS 61-C (Columbia), STS-34 (Atlantis), STS-46 (Atlantis), STS-60 (Discovery), STS-75 (Columbia), STS-91 (Discovery), STS-111 (Endeavor)"
67,Philip K. Chapman,1967,6,Retired,03/05/1935,"Melbourne, Australia",Male,University of Sydney,0,0,0,0,
68,Kalpana Chawla,1995,15,Deceased,06/01/1961,"Karnal, India",Female,Punjab Engineering College,2,734,0,0,"STS-87 (Columbia), STS-107 (Columbia)"
69,Leroy Chiao,1990,13,Retired,8/28/1960,"Milwaukee, WI",Male,University of California-Berkeley,4,5503,6,36,"STS-65 (Columbia), STS-72 (Endeavor), STS-92 (Discovery), ISS-10 (Soyuz)"
70,Kevin P. Chilton,1987,12,Retired,03/11/1954,"Los Angeles, CA",Male,US Air Force Academy,3,700,0,0,"STS-49 (Endeavor), STS-59 (Endeavor), STS-76 (Atlantis)"
71,Laurel B. Clark,1996,16,Deceased,03/10/1961,"Ames, IA",Female,University of Wisconsin-Madison,1,382,0,0,STS-107 (Columbia)
72,Mary L. Cleave,1980,9,Retired,02/05/1947,"Southampton, NY",Female,Colorado State University,2,262,0,0,"STS 61-B (Atlantis), STS-30 (Atlantis)"
73,Michael R. Clifford,1990,13,Retired,10/13/1952,"San Bernardino, CA",Male,US Military Academy,3,666,1,6,"STS-53 (Discovery), STS-59 (Endeavor), STS-76 (Atlantis)"
74,Michael L. Coats,1978,8,Retired,1/16/1946,"Sacramento, CA",Male,US Naval Academy,3,463,0,0,"STS 41-D (Discovery), STS-29 (Discovery), STS-39 (Discovery)"
75,Kenneth D. Cockrell,1990,13,Management,04/09/1950,"Austin, TX",Male,University of Texas,5,1548,0,0,"STS-56 (Discovery), STS-69 (Endeavor), STS-80 (Columbia), STS-98 (Atlantis), STS-111 (Endeavor)"
76,Catherine G. Coleman,1992,14,Active,12/14/1960,"Charleston, SC",Female,MIT,3,4324,0,0,"STS-73 (Columbia), STS-93 (Columbia), ISS-26/27 (Soyuz)"
77,Eileen M. Collins,1990,13,Retired,11/19/1959,"Elmira, NY",Female,Syracuse University,4,890,0,0,"STS-63 (Discovery), STS-84 (Atlantis), STS-114 (Columbia), STS-93 (Discovery)"
78,Michael Collins,1963,3,Retired,10/31/1930,"Rome, Italy",Male,US Military Academy,2,266,1,1,"Gemini 10, Apollo 11"
79,Charles Conrad Jr. ,1962,2,Deceased,05/02/1930,"Philadelphia, PA",Male,Princeton University,4,1179,4,12,"Gemini 5, Gemini 11, Apollo 12, Skylab 2"
80,L. Gordon Cooper Jr. ,1959,1,Deceased,03/06/1927,"Shawnee, OK",Male,Air Force Institute of Technology,2,225,0,0,"Mercury 9, Gemini 5"
81,Richard O. Covey,1978,8,Retired,08/01/1946,"Fayetteville, AR",Male,US Air Force Academy,4,645,0,0,"STS 51-l (Discovery), STS-26 (Discovery), STS-38 (Atlantis), STS-61 (Endeavor)"
82,Timothy J. Creamer,1998,17,Management,11/15/1959,"Ft. Huachuca, AZ",Male,Loyola College,1,3917,0,0,ISS-22/23 (Soyuz)
83,John O. Creighton,1978,8,Retired,4/28/1943,"Orange, TX",Male,US Naval Academy,3,404,0,0,"STS 51-G (Discovery), STS-36 (Atlantis), STS-48 (Discovery)"
84,Robert L. Crippen,1969,7,Retired,09/11/1937,"Beaumont, TX",Male,University of Texas,4,565,0,0,"STS-1 (Columbia), STS-7 (Challenger), STS 41-C (Challenger), STS 41-G (Challenger)"
85,Roger K. Crouch,1997,17,Retired,09/12/1940,"Jamestown, TN",Male,Tennessee Polytechnic Institute,1,471,0,0,"STS-83 (Columbia), STS-94 (Columbia)"
86,Frank L. Culbertson Jr. ,1984,10,Retired,5/15/1949,"Charleston, SC",Male,US Naval Academy,3,3446,1,5,"STS-38 (Atlantis), STS-51 (Discovery), STS-105/108 (Discovery/Endeavor)"
87,Walter Cunningham,1963,3,Retired,3/16/1932,"Creston, IA",Male,University of California-Los Angeles,1,260,0,0,Apollo 7
88,Robert L. Curbeam Jr. ,1995,15,Retired,03/05/1962,"Baltimore, MD",Male,US Naval Academy,3,902,7,45,"STS-85 (Discovery), STS-98 (Atlantis), STS-116 (Discovery)"
89,Nancy J. Currie,1990,13,Management,12/29/1958,"Wilmington, DE",Female,Ohio State University,4,999,0,0,"STS-57 (Endeavor), STS-70 (Discovery), STS-88 (Endeavor), STS-109 (Columbia)"
90,N. Jan Davis,1987,12,Retired,11/01/1953,"Cocoa Beach, FL",Female,Georgia Institute of Technology,3,673,0,0,"STS-47 (Endeavor), STS-60 (Discovery), STS-85 (Discovery)"
91,Lawrence J. Delucas,1992,14,Retired,07/11/1950,"Syracuse, NY",Male,University of Alabama at Birmingham,1,331,0,0,STS-50 (Columbia)
92,Alvin B. Drew Jr. ,2000,18,Active,11/05/1962,"Washington, DC",Male,US Air Force Academy,2,613,2,13,"STS-118 (Endeavor), STS-133 (Discovery)"
93,Brian Duffy,1985,11,Retired,6/20/1953,"Boston, MA",Male,US Air Force Academy,4,977,0,0,"STS-45 (Atlantis), STS-57 (Endeavor), STS-72 (Endeavor), STS-92 (Discovery)"
94,Charles M. Duke Jr. ,1966,5,Retired,10/03/1935,"Charlotte, NC",Male,US Naval Academy,1,265,3,20,Apollo 16
95,Bonnie J. Dunbar,1980,9,Retired,03/03/1949,"Sunnyside, WA",Female,University of Washington,5,1207,0,0,"STS 61-A (Challenger), STS-32 (Columbia), STS-50 (Columbia), STS-71 (Atlantis), STS-89 (Endeavor)"
96,Samuel T. Durrance,1990,13,Retired,9/17/1943,"Tallahassee, FL",Male,California State University,2,614,0,0,"STS-35 (Columbia), STS-67 (Endeavor)"
97,James P. Dutton Jr. ,2004,19,Management,11/20/1968,"Eugene, OR",Male,US Air Force Academy,1,362,0,0,STS-131 (Discovery)
98,Joe F. Edwards Jr. ,1995,15,Retired,02/03/1958,"Richmond, VA",Male,US Naval Academy,1,211,0,0,STS-89 (Endeavor)
99,Donn F. Eisele,1963,3,Deceased,5/23/1930,"Columbus, OH",Male,US Naval Academy,1,260,0,0,Apollo 7
100,Anthony W. England,1967,6,Retired,5/15/1942,"Indianapolis, IN",Male,MIT,1,190,0,0,STS 51-F (Challenger)
101,Joe H. Engle,1966,5,Retired,8/26/1932,"Dickinson, KS",Male,University of Kansas,2,224,0,0,"STS-2 (Columbia), STS 51-I (Discovery)"
102,Jeanette J. Epps,2009,20,Active,11/03/1970,"Syracuse, NY",Female,LeMoyne College,0,0,0,0,
103,Ronald E. Evans Jr. ,1966,5,Deceased,11/10/1933,"St. Francis, KS",Male,University of Kansas,1,301,1,1,Apollo 17
104,John M. Fabian,1978,8,Retired,1/28/1939,"Goosecreek, TX",Male,Washington State University,2,316,0,0,"STS-7 (Challenger), STS 51-G (Discovery)"
105,Christopher J. Ferguson,1998,17,Retired,09/01/1961,"Philadelphia, PA",Male,Drexel University,3,970,0,0,"STS-115 (Atlantis), STS-126 (Endeavor), STS-135 (Atlantis)"
106,Martin J. Fettman,1993,14,Retired,12/31/1956,"Brooklyn, NY",Male,Cornell University,1,336,0,0,STS-58 (Columbia)
107,Andrew J. Feustel,2000,18,Active,8/25/1965,"Lancaster, PA",Male,Purdue University,2,687,6,42,"STS-125 (Atlantis), STS-134 (Endeavor)"
108,E. Michael Fincke,1996,16,Active,3/14/1967,"Pittsburgh, PA",Male,MIT,3,9159,9,48,"ISS-09 (Soyuz), ISS-18 (Soyuz), STS-134 (Endeavor)"
109,Jack D. Fischer,2009,20,Active,1/23/1974,"Louisville, CO",Male,US Air Force Academy,0,0,0,0,
110,Anna L. Fisher,1978,8,Management,8/24/1949,"New York, NY",Female,University of California-Los Angeles,1,191,0,0,STS 51-A (Discovery)
111,William F. Fisher,1980,9,Retired,04/01/1946,"Dallas, TX",Male,Stanford University,1,170,2,12,STS 51-I (Discovery)
112,C. Michael Foale,1987,12,Active,01/06/1957,"Louth, England",Male,Cambridge University,6,8970,4,22,"STS-45 (Atlantis), STS-56 (Discovery), STS-63 (Discovery), STS-84/86 (Atlantis), STS-103 (Discovery), ISS-08 (Soyuz)"
113,Kevin A. Ford,2000,18,Active,07/07/1960,"Portland, IN",Male,University of Notre Dame,2,3781,0,0,"STS-128 (Discovery), ISS-33/34 (Soyuz)"
114,Michael J. Foreman,1998,17,Management,3/29/1957,"Columbus, OH",Male,US Naval Academy,2,637,5,32,"STS-123 (Endeavor), STS-129 (Atlantis)"
115,Patrick G. Forrester,1996,16,Management,3/31/1957,"El Paso, TX",Male,US Military Academy,3,950,4,25,"STS-105 (Discovery), STS-117 (Atlantis), STS-128 (Discovery)"
116,Michael E. Fossum,1998,17,Active,12/19/1957,"Sioux Falls, SD",Male,Texas A&M University,3,4651,7,48,"STS-121 (Discovery), STS-124 (Discovery), ISS-28/29 (Soyuz)"
117,Theodore C. Freeman,1963,3,Deceased,2/18/1930,"Haversford, PA",Male,US Naval Academy,0,0,0,0,
118,Stephen N. Frick,1996,16,Management,9/30/1961,"Pittsburgh, PA",Male,US Naval Academy,2,566,0,0,"STS-110 (Atlantis), STS-122 (Atlantis)"
119,C. Gordon Fullerton,1969,7,Retired,10/11/1936,"Rochester, NY",Male,California Institute of Technology,2,382,0,0,"STS-3 (Columbia), STS 51-F (Challenger)"
120,F. Andrew Gaffney,1991,15,Retired,06/09/1946,"Carlsbad, NM",Male,University of California-Berkeley,1,218,0,0,STS-40 (Columbia)
121,Ronald J. Garan Jr. ,2000,18,Management,10/20/1961,"Yonkers, NY",Male,State University of New York,2,4271,4,27,"STS-124 (Discovery), ISS-27/28 (Soyuz)"
122,Dale A. Gardner,1978,8,Retired,11/08/1948,"Fairmont, MN",Male,University of Illinois,2,336,2,12,"STS-8 (Challenger), STS 51-A (Discovery)"
123,Guy S. Gardner,1980,9,Retired,01/06/1948,"Alta Vista, VA",Male,US Air Force Academy,2,320,0,0,"STS-27 (Atlantis), STS-35 (Columbia)"
124,Jake Garn,1985,11,Retired,10/12/1932,Richfield. UT,Male,University of Utah,1,167,0,0,STS 51-D (Discovery)
125,Owen K. Garriott,1965,4,Retired,11/22/1930,"Enid, OK",Male,University of Oklahoma,2,1674,3,14,"Skylab 3, STS-9 (Columbia)"
126,Charles D. Gemar,1985,11,Retired,08/04/1955,"Yanktown, SD",Male,US Military Academy,3,581,0,0,"STS-38 (Atlantis), STS-48 (Discovery), STS-62 (Columbia)"
127,Michael L. Gernhardt,1992,14,Management,05/04/1956,"Mansfield, OH",Male,Vanderbilt University,4,1039,4,23,"STS-69 (Endeavor), STS-83 (Columbia), STS-94 (Columbia), STS-104 (Atlantis)"
128,Edward G. Gibson,1965,4,Retired,11/08/1936,"Buffalo, NY",Male,University of Rochester,1,2017,3,15,Skylab 4
129,Robert L. Gibson,1978,8,Retired,10/30/1946,"Cooperstown, NY",Male,California Polytechnic Institute,5,868,0,0,"STS 41-B (Challenger), STS 61-C (Columbia), STS-27 (Atlantis), STS-47 (Endeavor), STS-71 (Atlantis)"
130,Edward G. Givens Jr. ,1966,5,Deceased,01/05/1930,"Quanah, TX",Male,US Naval Academy,0,0,0,0,
131,John H. Glenn Jr. ,1959,1,Retired,7/18/1921,"Cambridge, OH",Male,Muskingum College,2,218,0,0,"Mercury 6, STS-95 (Discovery)"
132,Linda M. Godwin,1985,11,Retired,07/02/1952,"Cape Girardeau, MO",Female,Southeast Missouri State,4,918,2,10,"STS-37 (Atlantis), STS-59 (Endeavor), STS-76 (Atlantis), STS-108 (Endeavor)"
133,Michael T. Good,2000,18,Management,10/13/1962,"Parma, OH",Male,University of Notre Dame,2,592,4,30,"STS-125 (Atlantis), STS-132 (Atlantis)"
134,Richard F. Gordon Jr. ,1963,3,Retired,10/05/1929,"Seattle, WA",Male,University of Washington,2,315,1,1,"Gemini 11, Apollo 12"
135,Dominic L. Gorie,1995,15,Retired,05/02/1957,"Lake Charles, LA",Male,US Naval Academy,4,1167,0,0,"STS-91 (Discovery), STS-99 (Endeavor), STS-123 (Endeavor), STS-108 (Endeavor)"
136,Ronald J. Grabe,1980,9,Retired,6/13/1945,"New York, NY",Male,US Air Force Academy,4,627,0,0,"STS 51-J (Atlantis), STS-30 (Atlantis), STS-42 (Discovery), STS-57 (Endeavor)"
137,Duane E. Graveline,1965,4,Retired,03/02/1931,"Newport, VT",Male,University of Vermont,0,0,0,0,
138,Frederick D. Gregory,1978,8,Retired,01/07/1941,"Washington, DC",Male,US Air Force Academy,3,455,0,0,"STS 51-B (Challenger), STS-33 (Discovery), STS-44 (Atlantis)"
139,William G. Gregory,1990,13,Retired,5/14/1957,"Lockport, NY",Male,US Air Force Academy,1,399,0,0,STS-67 (Endeavor)
140,S. David Griggs,1978,8,Deceased,09/07/1939,"Portland, OR",Male,US Naval Academy,1,167,1,3,STS 51-D (Discovery)
141,Virgil I. Grissom,1959,1,Deceased,04/03/1926,"Mitchell, IN",Male,Purdue University,2,5,0,0,"Mercury 4, Gemini 3, Apollo 1"
142,John M. Grunsfeld,1992,14,Management,10/10/1958,"Chicago, IL",Male,MIT,5,1407,8,58,"STS-67 (Endeavor), STS-81 (Atlantis), STS-103 (Discovery), STS-125 (Atlantis), STS-109 (Columbia)"
143,Sidney M. Gutierrez,1984,10,Retired,6/27/1951,"Albuquerque, NM",Male,US Air Force Academy,2,488,0,0,"STS-40 (Columbia), STS-59 (Endeavor)"
144,Fred W. Haise Jr. ,1966,5,Retired,11/14/1933,"Biloxi, MS",Male,University of Oklahoma,1,142,0,0,Apollo 13 
145,James D. Halsell Jr. ,1990,13,Retired,9/29/1956,"Monroe, LA",Male,US Air Force Academy,5,1258,0,0,"STS-65 (Columbia), STS-74 (Atlantis), STS-83 (Columbia), STS-94 (Columbia), STS-101 (Atlantis)"
146,Kenneth T. Ham,1998,17,Retired,12/12/1964,"Plainfield, NJ",Male,US Naval Academy,2,612,0,0,"STS-124 (Discovery), STS-132 (Atlantis)"
147,L. Blaine Hammond Jr. ,1984,10,Retired,1/16/1952,"Savannah, GA",Male,US Air Force Academy,2,462,0,0,"STS-39 (Discovery), STS-64 (Discovery)"
148,Gregory J. Harbaugh,1987,12,Retired,4/15/1956,"Cleveland, OH",Male,Purdue University,4,817,3,18,"STS-39 (Discovery), STS-54 (Endeavor), STS-71 (Atlantis), STS-82 (Discovery)"
149,Bernard A. Harris Jr. ,1990,13,Retired,6/26/1956,"Temple, TX",Male,University of Houston,2,438,1,5,"STS-55 (Columbia), STS-63 (Discovery)"
150,Terry J. Hart,1978,8,Retired,10/27/1946,"Pittsburgh, PA",Male,Lehigh University,1,167,0,0,STS 41-C (Challenger)
151,Henry W. Hartsfield Jr. ,1969,7,Retired,11/21/1933,"Birmingham, AL",Male,Auburn University,3,482,0,0,"STS-4 (Columbia), STS 41-D (Discovery), STS 61-A (Challenger)"
152,Frederick H. Hauck,1978,8,Retired,04/11/1941,"Long Beach, CA",Male,Tufts University,3,435,0,0,"STS-7 (Challenger), STS 51-A (Discovery), STS-26 (Discovery)"
153,Steven A. Hawley,1978,8,Retired,12/12/1951,"Ottawa, KS",Male,University of Kansas,5,770,0,0,"STS 41-D (Discovery), STS 61-C (Columbia), STS-31 (Discovery), STS-82 (Discovery), STS-93 (Columbia)"
154,Susan J. Helms,1990,13,Retired,2/26/1958,"Charlotte, NC",Female,US Air Force Academy,5,5063,1,9,"STS-54 (Endeavor), STS-64 (Discovery), STS-78 (Columbia), STS-101 (Atlantis), STS-102/105 (Discovery)"
155,Karl G. Henize,1967,6,Deceased,10/17/1926,"Cincinnati, OH",Male,University of Virginia,1,190,0,0,STS 51-F (Challenger)
156,Thomas J. Hennen,1991,13,Retired,8/17/1952,"Albany, GA",Male,,1,166,0,0,STS-44 (Atlantis)
157,Terence T. Henricks,1985,11,Retired,07/05/1952,"Bryan, OH",Male,US Air Force Academy,4,1026,0,0,"STS-44 (Atlantis), STS-55 (Columbia), STS-70 (Discovery), STS-78 (Columbia)"
158,Jose M. Hernandez,2004,19,Retired,08/07/1962,"French Camp, CA",Male,University of the Pacific,1,332,0,0,STS-128 (Discovery)
159,John B. Herrington,1996,16,Retired,9/14/1958,"Wetumka, OK",Male,University of Colorado,1,330,3,20,STS-113 (Endeavor)
160,Richard J. Hieb,1985,11,Retired,9/21/1955,"Jamestown, ND",Male,Northwest Nazarene College,3,766,3,18,"STS-39 (Discovery), STS-49 (Endeavor), STS-65 (Columbia)"
161,Joan E. Higginbotham,1996,16,Retired,08/03/1964,"Chicago, IL",Female,Southern Illinois University-Carbondale,1,308,0,0,STS-116 (Discovery)
162,David C. Hilmers,1980,9,Retired,1/28/1950,"Clinton, IA",Male,Cornell University,4,494,0,0,"ST 51-J (Atlantis), STS-26 (Discovery), STS-36 (Atlantis), STS-42 (Discovery)"
163,Kathryn P. Hire,1995,15,Management,8/26/1959,"Mobile, AL",Female,US Naval Academy,2,711,0,0,"STS-90 (Columbia), STS-130 (Endeavor)"
164,Charles O. Hobaugh,1996,16,Retired,11/05/1961,"Bar Harbor, ME",Male,US Naval Academy,3,873,0,0,"STS-104 (Atlantis), STS-118 (Endeavor), ST-129 (Atlantis)"
165,Jeffrey A. Hoffman,1978,8,Retired,11/02/1944,"Brooklyn, NY",Male,Amherst College,5,1211,4,25,"STS 51-D (Discovery), STS-35 (Columbia), STS-46 (Atlantis), STS-61 (Endeavor), STS-75 (Columbia)"
166,Donald L. Holmquest,1967,6,Retired,04/07/1939,"Dallas, TX",Male,Southern Methodist University,0,0,0,0,
167,Michael S. Hopkins,2009,20,Active,12/28/1968,"Lebanon, MO",Male,University of Illinois,1,3990,2,13,ISS-37/38 (Soyuz)
168,Scott J. Horowitz,1992,14,Retired,3/24/1957,"Philadelphia, PA",Male,California State University-Northridge,4,1137,0,0,"STS-75 (Columbia), STS-82 (Discovery), STS-101 (Atlantis), STS-105 (Discovery)"
169,Millie Hughes-Fulford,1991,13,Retired,12/21/1945,"Mineral Wells, TX",Female,Tarleton State University,1,218,0,0,STS-40 (Columbia)
170,Douglas G. Hurley,2000,18,Active,10/21/1966,"Endicott, NY",Male,Tulane University,2,683,0,0,"STS-127 (Endeavor), STS-135 (Atlantis)"
171,Rick D. Husband,1995,15,Deceased,07/12/1957,"Amarillo, TX",Male,Texas Tech University,2,617,0,0,"STS-96 (Discovery), STS-107 (Columbia)"
172,James B. Irwin,1966,5,Deceased,3/17/1930,"Pittsburgh, PA",Male,US Naval Academy,1,295,3,20,Apollo 15
173,Marsha S. Ivins,1984,10,Retired,4/15/1951,"Baltimore, MD",Female,University of Colorado,5,1341,0,0,"STS-32 (Columbia), STS-46 (Atlantis), STS-62 (Columbia), STS-81 (Atlantis), STS-98 (Atlantis)"
174,Gregory B. Jarvis,1986,11,Deceased,8/24/1944,"Detroit, MI",Male,State University of New York at Buffalo,1,0,0,0,STS 51-L (Challenger)
175,Mae C. Jemison,1987,12,Retired,10/17/1956,"Decatur, AL",Female,Stanford University,1,190,0,0,STS-47 (Endeavor)
176,Tamara E. Jernigan,1985,11,Retired,05/07/1959,"Chattanooga, TN",Female,Stanford University,5,1489,1,8,"STS-40 (Columbia), STS-52 (Columbia), STS-67 (Endeavor), STS-80 (Columbia), STS-98 (Discovery)"
177,Brent W. Jett,1992,14,Retired,10/05/1958,"Pontiac, MI",Male,US Naval Academy,4,1002,0,0,"STS-72 (Endeavor), STS-81 (Atlantis), STS-97 (Endeavor), STS-115 (Atlantis)"
178,Gregory C. Johnson,1998,17,Management,7/30/1954,"Seattle, WA",Male,University of Washington,1,309,0,0,STS-125 (Atlantis)
179,Gregory H. Johnson,1998,17,Active,05/12/1962,"London, England",Male,US Air Force Academy,2,755,0,0,"STS-123 (Endeavor), STS-134 (Endeavor)"
180,Thomas D. Jones,1990,13,Retired,1/22/1955,"Baltimore, MD",Male,US Air Force Academy,4,1272,3,20,"STS-59 (Endeavor), STS-68 (Endeavor), STS-80 (Columbia), STS-98 (Atlantis)"
181,Janet L. Kavandi,1995,15,Management,7/17/1959,"Springfield, MO",Female,Missouri Southern State College,3,812,0,0,"STS-91 (Discovery), STS-99 (Endeavor), STS-104 (Atlantis)"
182,James M. Kelly,1996,16,Management,5/14/1964,"Burlington, IA",Male,US Air Force Academy,2,641,0,0,"STS-102 (Discovery), STS-114 (Discovery)"
183,Mark E. Kelly,1996,16,Retired,2/21/1964,"Orange, NJ",Male,US Merchant Marine Academy,4,1298,0,0,"STS-108 (Endeavor), STS-121 (Discovery), STS-124 (Discovery), STS-134 (Endeavor)"
184,Scott J. Kelly,1996,16,Active,2/21/1964,"Orange, NJ",Male,State University of New York Maritime College,4,12490,3,18,"STS-103 (Discovery), STS-118 (Endeavor), ISS-25/26 (Soyuz), ISS-43/44/45/46 (Soyuz)"
185,Joseph P. Kerwin,1965,4,Retired,2/19/1932,"Oak Park, IL",Male,College of the Holy Cross,1,672,1,3,Skylab 2
186,Susan L. Kilrain (Still),1995,15,Retired,10/24/1961,"Augusta, GA",Female,Embry-Riddle University,2,472,0,0,"STS-83 (Columbia), STS-94 (Columbia)"
187,Robert Shane Kimbrough,2004,19,Active,06/04/1967,"Killeen, TX",Male,US Military Academy,3,3720,4,25,"STS-126 (Endeavor), ISS-49/50 (Soyuz)"
188,Timothy L. Kopra,2000,18,Active,04/09/1963,"Austin, TX",Male,US Military Academy,2,5857,3,13,"STS-127/128 (Endeavor/Discovery), ISS-46/47 (Soyuz)"
189,Kevin R. Kregel,1992,14,Retired,9/16/1956,"New York, NY",Male,US Air Force Academy,4,1265,0,0,"STS-70 (Discovery), STS-78 (Columbia), STS-87 (Columbia), STS-99 (Endeavor)"
190,Wendy B. Lawrence,1992,14,Retired,07/02/1959,"Jacksonville, FL",Female,US Naval Academy,4,1223,0,0,"STS-67 (Endeavor), STS-86 (Atlantis), STS-91 (Discovery), STS-114 (Discovery)"
191,Mark C. Lee,1984,10,Retired,8/14/1952,"Viroqua, WI",Male,US Air Force Academy,4,789,4,26,"STS-30 (Atlantis), STS-47 (Endeavor), STS-64 (Discovery), STS-82 (Discovery)"
192,David C. Leestma,1980,9,Management,05/06/1949,"Muskegon, MI",Male,US Naval Academy,3,532,1,3,"STS 41-G (Challenger), STS-28 (Columbia), STS-45 (Atlantis)"
193,William B. Lenoir,1967,6,Deceased,3/14/1939,"Miami, FL",Male,MIT,1,122,0,0,STS-5 (Columbia)
194,Fred W. Leslie,1995,15,Retired,12/19/1951,"Ancon, Panama",Male,University of Texas,1,381,0,0,STS-73 (Columbia)
195,Byron K. Lichtenberg,1983,10,Retired,2/19/1948,"Stroudsburg, PA",Male,Brown University,2,461,0,0,"STS-9 (Columbia), STS-45 (Atlantis)"
196,Don L. Lind,1966,5,Retired,5/18/1930,"Midvale, UT",Male,University of Utah,1,168,0,0,STS 51-B (Challenger)
197,Kjell N. Lindgren,2009,20,Active,1/23/1973,"Taipei, Taiwan",Male,US Air Force Academy,1,3400,2,15,ISS-44/45 (Soyuz)
198,Steven W. Lindsey,1995,15,Retired,8/24/1960,"Arcadia, CA",Male,US Air Force Academy,5,1510,0,0,"STS-87 (Columbia), STS-95 (Discovery), STS-104 (Atlantis), STS-121 (Discovery), STS-133 (Discovery)"
199,Jerry M. Linenger,1992,14,Retired,1/16/1955,"Mount Clemens, MI",Male,US Naval Academy,2,3435,1,5,"STS-64 (Discovery), STS-81/84 (Atlantis)"
200,Richard M. Linnehan,1992,14,Management,9/19/1957,"Lowell, MA",Male,University of New Hampshire,4,1427,6,43,"STS-78 (Columbia), STS-90 (Columbia), STS-109 (Columbia), STS-123 (Endeavor)"
201,Gregory T. Linteris,1997,17,Retired,10/04/1957,"Demarest, NJ",Male,Princeton University,2,471,0,0,"STS-83 (Columbia), STS-94 (Columbia)"
202,John A. Llewellyn,1967,6,Retired,4/22/1933,"Cardiff, Wales",Male,University College at Cardiff,0,0,0,0,
203,Paul S. Lockhart,1996,16,Retired,4/28/1956,"Amarillo, TX",Male,Texas Tech University,2,663,0,0,"STS-111 (Endeavor), STS-113 (Endeavor)"
204,Michael E. Lopez-Alegria,1992,14,Retired,5/30/1958,"Madrid, Spain",Male,US Naval Academy,3,6190,10,67,"STS-73 (Columbia), STS-92 (Discovery), STS-113 (Endeavor), ISS-14 (Soyuz)"
205,Christopher J. Loria,1996,16,Retired,07/09/1960,"Belmont, MA",Male,US Naval Academy,0,0,0,0,
206,J. Mike Lounge,1980,9,Deceased,6/28/1946,"Denver, CO",Male,US Naval Academy,3,483,0,0,"STS 51-I (Discovery), STS-26 (Discovery), STS-35 (Columbia)"
207,Jack R. Lousma,1966,5,Retired,2/29/1936,"Grand Rapids, MI",Male,University of Michigan,2,1619,2,11,"Skylab 3, STS-3 (Columbia)"
208,Stanley G. Love,1998,17,Management,06/08/1965,"San Diego, CA",Male,Harvey Mudd College,1,306,2,15,STS-122 (Atlantis)
209,James A. Lovell Jr. ,1962,2,Retired,3/25/1928,"Cleveland, OH",Male,US Naval Academy,4,715,0,0,"Gemini 7, Gemini 12, Apollo 8, Apollo 13"
210,G. David Low,1984,10,Deceased,2/19/1956,"Cleveland, OH",Male,Washington & Lee University,3,714,1,6,"STS-32 (Columbia), STS-43 (Atlantis), STS-57 (Endeavor)"
211,Edward T. Lu,1995,15,Retired,07/01/1963,"Springfield, MA",Male,Cornell University,3,4962,1,6,"STS-84 (Atlantis), STS-106 (Atlantis), ISS-07 (Soyuz)"
212,Shannon W. Lucid,1978,8,Retired,1/14/1943,"Shanghai, China",Female,University of Oklahoma,5,5354,0,0,"STS 51-G (Discovery), STS-34 (Atlantis), STS-43 (Atlantis), STS-58 (Columbia), STS-76/79 (Atlantis)"
213,Sandra H. Magnus,1996,16,Retired,10/30/1964,"Belleville, IL",Female,University of Missouri-Rolla,3,3776,0,0,"STS-112 (Atlantis), STS-126/119 (Endeavor/Discovery), STS-135 (Atlantis)"
214,Thomas H. Marshburn,2004,19,Active,8/29/1960,"Statesville, NC",Male,Davidson College,2,3871,4,24,"STS-127 (Endeavor), ISS-34/35 (Soyuz)"
215,Michael J. Massimino,1996,16,Management,8/19/1962,"Oceanside, NY",Male,Columbia University,2,571,4,30,"STS-109 (Columbia), STS-125 (Atlantis)"
216,Richard A. Mastracchio,1996,16,Active,02/11/1960,"Waterbury, CT",Male,University of Connecticut,4,5461,9,53,"STS-106 (Atlantis), STS-118 (Endeavor), STS-131 (Discovery), ISS-38/39 (Soyuz)"
217,Thomas K. Mattingly II ,1966,5,Retired,3/17/1936,"Chicago, IL",Male,Auburn University,3,508,1,1,"Apollo 16, STS-4 (Columbia), STS 51-C (Discovery)"
218,K. Megan McArthur,2000,18,Active,8/30/1971,"Honolulu, HI",Female,University of California-Los Angeles,1,309,0,0,STS-125 (Atlantis)
219,William S. McArthur Jr. ,1990,3,Management,7/26/1951,"Laurinburg, NC",Male,US Military Academy,4,5398,4,24,"STS-58 (Columbia), STS-74 (Atlantis), STS-92 (Discovery), ISS-12 (Soyuz)"
220,S. Christa McAuliffe,1985,11,Deceased,09/02/1948,"Boston, MA",Female,Framingham State College,1,0,0,0,STS 51-L (Challenger)
221,Jon A. McBride,1978,8,Retired,8/14/1943,"Charleston, WV",Male,US Naval Postgraduate School,1,197,0,0,STS 41-G (Challenger)
222,Bruce McCandless II ,1966,5,Retired,06/08/1937,"Boston, MA",Male,US Naval Academy,2,312,2,12,"STS 41-B (Challenger), STS-31 (Discovery)"
223,William C. McCool,1996,16,Deceased,9/23/1961,"San Diego, CA",Male,US Naval Academy,1,382,0,0,STS-107 (Columbia)
224,Michael J. McCulley,1984,10,Retired,08/04/1943,"San Diego, CA",Male,Purdue University,1,119,0,0,STS-34 (Atlantis)
225,James A. McDivitt,1984,2,Retired,06/10/1929,"Chicago, IL",Male,University of Michigan,2,338,0,0,"Gemini 4, Apollo 9"
226,Donald R. McMonagle,1987,12,Retired,5/14/1952,"Flint, MI",Male,US Air Force Academy,3,605,0,0,"STS-39 (Discovery), STS-54 (Endeavor), STS-66 (Atlantis)"
227,Ronald E. McNair,1978,8,Deceased,10/21/1950,"Lake City, SC",Male,North Carolina A&T State College,2,191,0,0,"STS 41-B (Challenger), STS 51-L (Challenger)"
228,Carl J. Meade,1985,11,Retired,11/16/1950,"Chanute Air Force Base, IL",Male,University of Texas,3,712,1,6,"STS-38 (Atlantis), STS-50 (Columbia), STS-64 (Discovery)"
229,Bruce E. Melnick,1987,12,Retired,12/05/1949,"New York, NY",Male,US Coast Guard Academy,2,311,0,0,"STS-41 (Discovery), STS-49 (Endeavor)"
230,Pamela A. Melroy,1995,15,Retired,9/17/1961,"Palo Alto, CA",Female,Wellesley College,3,914,0,0,"STS-92 (Discovery), STS-112 (Atlantis), STS-120 (Discovery)"
231,Leland D. Melvin,1998,17,Management,2/15/1964,"Lynchburg, VA",Male,University of Richmond,2,565,0,0,"STS-122 (Atlantis), STS-129 (Atlantis)"
232,Dorothy M. Metcalf-Lindenberger,2004,19,Active,05/02/1975,"Colorado Springs, CO",Female,Whitman College,1,362,0,0,STS-131 (Discovery)
233,F. Curtis Michel,1965,4,Retired,06/05/1934,"LaCrosse, WI",Male,California Institute of Technology,0,0,0,0,
234,Edgar D. Mitchell,1966,5,Retired,9/17/1930,"Hereford, TX",Male,Carnegie-Mellon University,1,216,2,9,Apollo 14
235,Barbara R. Morgan,1998,17,Retired,11/28/1951,"Fresno, CA",Female,Stanford University,1,305,0,0,STS-118 (Endeavor)
236,Lee M. Morin,1996,16,Management,09/09/1952,"Manchester, NH",Male,University of New Hampshire,1,259,2,14,STS-110 (Atlantis)
237,Richard M. Mullane,1978,8,Retired,09/10/1945,"Wichita Falls, TX",Male,US Military Academy,3,356,0,0,"STS 41-D (Discovery), STS-27 (Atlantis), STS-36 (Atlantis)"
238,Story Musgrave,1967,6,Retired,8/19/1935,"Boston, MA",Male,Syracuse University,6,1281,4,26,"STS-6 (Challenger), STS 51-F (Challenger), STS-33 (Discovery), STS-44 (Atlantis), STS-61 (Endeavor), STS-80 (Columbia)"
239,Steven R. Nagel,1978,8,Retired,10/27/1946,"Canton, IL",Male,University of Illinois,4,721,0,0,"STS 51-G (Discovery), STS 61-A (Challenger), STS-37 (Atlantis), STS-55 (Columbia)"
240,Bill Nelson,1986,11,Retired,9/29/1942,"Miami, FL",Male,Yale University,1,146,0,0,STS 61-C (Columbia)
241,George D. Nelson,1978,8,Retired,7/13/1950,"Charles City, IA",Male,Harvey Mudd College,3,411,2,10,"STS 41-C (Challenger), STS 61-C (Columbia), STS-26 (Discovery)"
242,James H. Newman,1990,13,Retired,10/16/1956,"San Diego, CA",Male,Dartmouth College,4,1042,6,43,"STS-51 (Discovery), STS-69 (Endeavor), STS-88 (Endeavor), STS- 109 (Columbia)"
243,Carlos I. Noriega,1995,15,Retired,10/08/1959,"Lima, Peru",Male,University of Southern California,2,481,3,19,"STS-84 (Atlantis), STS-97 (Endeavor)"
244,Lisa M. Nowak,1996,16,Retired,05/10/1963,"Washington, DC",Female,US Naval Academy,1,306,0,0,STS-121 (Discovery)
245,Karen L. Nyberg,2000,18,Active,10/07/1969,"Parker’s Prairie, MN",Female,University of North Dakota,2,4320,0,0,"STS-124 (Discovery), ISS-36/37 (Soyuz)"
246,Bryan D. O'Connor,1980,9,Retired,09/06/1946,"Orange, CA",Male,US Naval Academy,2,383,0,0,"STS 61-B (Atlantis), STS-40 (Columbia)"
247,Brian T. O'Leary,1967,6,Deceased,1/27/1940,"Boston, MA",Male,Williams College,0,0,0,0,
248,Ellen Ochoa,1990,13,Management,05/10/1958,"Los Angeles, CA",Female,San Diego State University,4,979,0,0,"STS-56 (Discovery), STS-66 (Atlantis), STS-96 (Discovery), STS-110 (Atlantis)"
249,William A. Oefelein,1998,17,Retired,3/29/1965,"Ft. Belvoir, VA",Male,Oregon State University,1,308,0,0,STS-116 (Discovery)
250,John D. Olivas,1998,17,Retired,5/25/1966,"North Hollywood, CA",Male,University of Texas-El Paso,2,665,5,34,"STS-117 (Atlantis), STS-128 (Discovery)"
251,Ellison S. Onizuka,1978,8,Deceased,6/24/1946,"Kealakekua, HI",Male,University of Colorado,2,73,0,0,"STS 51-C (Discovery), STS 51-L (Challenger)"
252,Stephen S. Oswald,1985,11,Retired,6/30/1951,"Seattle, WA",Male,US Naval Academy,3,814,0,0,"STS-42 (Discovery), STS-56 (Discovery), STS-67 (Endeavor)"
253,Robert F. Overmyer,1969,7,Deceased,7/14/1936,"Lorain, OH",Male,Baldwin Wallace College,2,290,0,0,"STS-5 (Columbia), STS 51-B (Challenger)"
254,William A. Pailes,1982,9,Retired,6/26/1952,"Hackensack, NJ",Male,US Air Force Academy,1,97,0,0,STS 51-J (Atlantis)
255,Scott E. Parazynski,1992,14,Retired,7/28/1961,"Little Rock, AR",Male,Stanford University,5,1404,7,47,"STS-66 (Atlantis), STS-86 (Atlantis), STS-95 (Discovery), STS-100 (Endeavor), STS-120 (Discovery)"
256,Ronald A. Parise,1990,13,Deceased,5/24/1951,"Warren, OH",Male,Youngstown State University,2,614,0,0,"STS-35 (Columbia), STS-67 (Endeavor)"
257,Robert A. Parker,1967,6,Retired,12/14/1936,"New York, NY",Male,Amherst College,2,462,0,0,"STS-9 (Columbia), STS-35 (Columbia)"
258,Niclolas J. M. Patrick,1998,17,Retired,3/22/1964,"North Yorkshire, England",Male,University of Cambridge,2,638,3,18,"STS-116 (Discovery), STS-130 (Endeavor)"
259,James A. Pawelczyk,1998,17,Retired,9/20/1960,"Buffalo, NY",Male,University of Rochester,1,381,0,0,STS-90 (Columbia)
260,Gary E. Payton,1985,11,Retired,6/20/1948,"Rock Island, IL",Male,US Air Force Academy,1,73,0,0,STS 51-C (Discovery)
261,Donald H. Peterson,1969,7,Retired,10/22/1933,"Winona, MS",Male,US Military Academy,1,120,1,4,STS-6 (Challenger)
262,Donald R. Pettit,1996,16,Active,4/20/1955,"Silverton, OR",Male,Oregon State University,3,8872,2,13,"ISS-6 (Soyuz), STS-126 (Endeavor), ISS-30/31 (Soyuz)"
263,John L. Phillips,1996,16,Retired,4/15/1951,"Ft. Belvoir, VA",Male,US Naval Academy,3,4880,1,5,"STS-100 (Endeavor), ISS-11 (Soyuz), STS-119 (Discovery)"
264,William R. Pogue,1966,5,Retired,1/23/1930,"Okemah, OK",Male,Oklahoma Baptist University,1,2017,2,13,Skylab 4
265,Alan G. Poindexter,1998,17,Deceased,11/05/1961,"Pasadena, CA",Male,Georgia Institute of Technology,2,669,0,0,"STS-122 (Atlantis), STS-131 (Discovery)"
266,Mark L. Polansky,1996,16,Retired,06/02/1956,"Paterson, NJ",Male,Purdue University,3,995,0,0,"STS-98 (Atlantis), ST-116 (Discovery), STS-127 (Endeavor)"
267,Charles J. Precourt,1990,13,Retired,6/29/1955,"Waltham, MA",Male,US Air Force Academy,4,950,0,0,"STS-55 (Columbia), STS-71 (Atlantis), STS-84 (Atlantis), STS-91 (Discovery)"
268,William F. Readdy,1987,12,Retired,1/24/1952,"Quonset Point, RI",Male,US Naval Academy,3,672,0,0,"STS-42 (Discovery), STS-51 (Discovery), STS-79 (Atlantis)"
269,Kenneth S. Reightler Jr. ,1987,12,Retired,3/24/1951,"Patuxent River, MD",Male,US Naval Academy,2,327,0,0,"STS-48 (Discovery), STS-60 (Discovery)"
270,James F. Reilly II ,1995,15,Retired,3/18/1954,"Mountain Home Air Force Base, ID",Male,University of Texas-Dallas,3,854,5,31,"STS-89 (Endeavor), STS-104 (Atlantis), STS-117 (Atlantis)"
271,Garrett E. Reisman,1998,17,Retired,02/10/1968,"Morristown, NJ",Male,University of Pennsylvania,2,2571,3,21,"STS-123/124 (Endeavor/Discovery), STS-132 (Atlantis)"
272,Judith A. Resnik,1978,8,Deceased,04/05/1949,"Akron, OH",Female,Carnegie-Mellon University,2,144,0,0,"STS 41-D (Discovery), STS 51-L (Challenger)"
273,Paul W. Richards,1996,16,Management,5/20/1964,"Scranton, PA",Male,Drexel University,1,307,1,6,STS-102 (Discovery)
274,Richard N. Richards,1980,9,Retired,8/24/1946,"Key West, FL",Male,University of Missouri,4,813,0,0,"STS-28 (Columbia), STS-41 (Discovery), STS-50 (Columbia), STS-64 (Discovery)"
275,Sally K. Ride,1978,8,Deceased,5/26/1951,"Los Angeles, CA",Female,Stanford University,2,343,0,0,"STS-7 (Challenger), STS 41-G (Challenger)"
276,Patricia Hilliard Robertson,1998,17,Deceased,03/12/1963,"Indiana, PA",Female,Indiana University of Pennsylvania,0,0,0,0,
277,Stephen K. Robinson,1995,15,Retired,10/26/1955,"Sacramento, CA",Male,University of California-Davis,4,1162,3,20,"STS-85 (Discovery), STS-95 (Discovery), STS-114 (Discovery), STS-130 (Endeavor)"
278,Kent V. Rominger,1992,14,Retired,08/07/1956,"Del Norte, CO",Male,Colorado State University,5,1611,0,0,"STS-73 (Columbia), STS-80 (Columbia), STS-85 (Discovery), STS-96 (Discovery), STS-100 (Endeavor)"
279,Stuart A. Roosa,1966,5,Deceased,8/16/1933,"Durango, CO",Male,University of Colorado,1,216,0,0,Apollo 14
280,Jerry L. Ross,1980,9,Retired,1/20/1948,"Crown Point, IN",Male,Purdue University,7,1393,9,58,"ST 61-B (Atlantis), ST-27 (Atlantis), ST-37 (Atlantis), STS-55 (Columbia), STS-74 (Atlantis), STS-88 (Endeavor), STS-110 (Atlantis)"
281,Kathleen Rubins,2009,20,Active,10/14/1978,"Farmington, CT",Female,University of California-San Diego,1,2762,2,13,ISS-48/49 (Soyuz)
282,Mario Runco Jr. ,1987,12,Management,1/26/1952,"Bronx, NY",Male,City College of New York,3,551,0,0,"STS-44 (Atlantis), STS-54 (Endeavor), STS-77 (Endeavor)"
283,Albert Sacco Jr.,1995,15,Retired,05/03/1949,"Boston, MA",Male,Northeastern University,1,381,0,0,STS-73 (Columbia)
284,Robert L. Satcher Jr. ,2004,19,Retired,9/22/1965,"Hampton, VA",Male,MIT,1,259,2,12,STS-129 (Atlantis)
285,Walter M. Schirra Jr. ,1959,1,Deceased,03/12/1923,"Hackensack, NJ",Male,US Naval Academy,3,295,0,0,"Mercury 8, Gemini 6, Apollo 7"
286,Harrison H. Schmitt,1965,4,Retired,07/03/1935,"Santa Rita, NM",Male,California Institute of Technology,1,301,3,22,Apollo 17
287,Russell L. Schweickart,1963,3,Retired,10/25/1935,"Neptune, NJ",Male,MIT,1,241,1,1,Apollo 9
288,Francis R. Scobee,1978,8,Deceased,5/19/1939,"Cle Elum, WA",Male,University of Arizona,2,167,0,0,"STS 41-C (Challenger), STS 51-L (Challenger)"
289,David R. Scott,1963,3,Retired,06/06/1932,"San Antonio, TX",Male,US Military Academy,3,546,4,19,"Gemini 8, Apollo 9, Apollo 15"
290,Winston E. Scott,1992,14,Retired,08/06/1950,"Miami, FL",Male,Florida State University,2,590,3,19,"STS-72 (Endeavor), STS-87 (Columbia)"
291,Paul D. Scully-Power,1984,10,Retired,5/28/1944,"Sydney, Australia",Male,University of Sydney,1,197,0,0,STS 41-G (Challenger)
292,Richard A. Searfoss,1990,13,Retired,06/05/1956,"Mount Clemens, MI",Male,US Air Force Academy,3,939,0,0,"STS-58 (Columbia), STS-76 (Atlantis), STS-90 (Columbia)"
293,Margaret Rhea Seddon,1978,8,Retired,11/08/1947,"Murfreesboro, TN",Female,University of California-Berkeley,3,722,0,0,"STS 51-D (Discovery), STS-40 (Columbia), STS-58 (Columbia)"
294,Elliot M. See Jr. ,1962,2,Deceased,7/23/1927,"Dallas, TX",Male,US Merchant Marine Academy,0,0,0,0,
295,Ronald M. Sega,1990,13,Retired,12/04/1952,"Cleveland, OH",Male,US Air Force Academy,2,420,0,0,"STS-60 (Discovery), STS-76 (Atlantis)"
296,Piers J. Sellers,1996,16,Management,04/11/1955,"Crowborough, England",Male,University of Edinburgh,3,839,6,41,"STS-112 (Atlantis), STS-121 (Discovery), STS-132 (Atlantis)"
297,Brewster H. Shaw Jr. ,1978,8,Retired,5/16/1945,"Cass City, MI",Male,University of Wisconsin,3,533,0,0,"STS-9 (Columbia), STS 61-B (Atlantis), STS-28 (Columbia)"
298,Alan B. Shepard Jr. ,1959,1,Deceased,11/18/1923,"East Derry, NH",Male,US Naval Academy,2,216,2,9,"Mercury 3, Apollo 14"
299,William M. Shepherd,1984,10,Retired,7/26/1949,"Oak Ridge, TN",Male,US Naval Academy,4,3823,0,0,"STS-37 (Atlantis), STS-41 (Discovery), STS-52 (Columbia), ISS-01/STS-102 (Soyuz/Discovery)"
300,Loren J. Shriver,1978,8,Retired,9/23/1944,"Jefferson, IA",Male,US Air Force Academy,3,386,0,0,"STS 51-C (Discovery), STS-31 (Discovery), STS-46 (Atlantis)"
301,Donald K. Slayton,1959,1,Deceased,03/01/1924,"Sparta, WI",Male,University of Minnesota,1,217,0,0,Apollo-Soyuz Test Project
302,Michael J. Smith,1980,9,Deceased,4/30/1945,"Beaufort, NC",Male,US Naval Academy,1,0,0,0,STS 51-L (Challenger)
303,Steven L. Smith,1992,14,Management,12/30/1958,"Phoenix, AZ",Male,Stanford University,4,960,7,49,"STS-68 (Endeavor), STS-82 (Discovery), STS-103 (Discovery), STS-110 (Atlantis)"
304,Sherwood C. Spring,1980,9,Retired,9/23/1944,"Hartford, CT",Male,US Military Academy,1,165,2,12,STS 61-B (Atlantis)
305,Robert C. Springer,1980,9,Retired,5/21/1942,"St. Louis, MO",Male,US Naval Academy,2,237,0,0,"STS-29 (Discovery), STS-38 (Atlantis)"
306,Thomas P. Stafford,1962,2,Retired,9/17/1930,"Weatherford, OK",Male,US Naval Academy,4,507,0,0,"Gemini 6, Gemini 9, Apollo 10, Apollo-Soyuz Test Project"
307,Heidemarie M. Stefanyshyn-Piper,1996,16,Retired,02/07/1963,"St. Paul, MN",Female,MIT,2,663,2,33,"STS-115 (Atlantis), STS-126 (Endeavor)"
308,Robert L. Stewart,1978,8,Retired,8/13/1942,"Washington, DC",Male,University of Southern Mississippi,2,289,2,12,"STS 41-B (Challenger), STS 51-J (Atlantis)"
309,Nicole P. Stott,2000,18,Active,11/19/1962,"Albany, NY",Female,Embry-Riddle Aeronautical University,2,2477,1,6,"STS-128/129 (Discovery/Atlantis), STS-133 (Discovery)"
310,Frederick W. Sturckow,1995,15,Retired,08/11/1961,"La Mesa, CA",Male,California Polytechnic State University,4,1233,0,0,"STS-88 (Endeavor), STS-105 (Discovery), STS-117 (Atlantis), STS-128 (Discovery)"
311,Kathryn D. Sullivan,1978,8,Retired,10/03/1951,"Patterson, NJ",Female,University of California-Santa Cruz,3,532,1,3,"STS 41-G (Challenger), STS-31 (Discovery), STS-45 (Atlantis)"
312,Steven R. Swanson,1998,17,Active,12/03/1960,"Syracuse, NY",Male,University of Colorado,3,4700,5,28,"STS-117 (Atlantis), STS-119 (Discovery), ISS-39/40 (Soyuz)"
313,John L. Swigert Jr. ,1966,5,Deceased,8/30/1931,"Denver, CO",Male,University of Colorado,1,142,0,0,Apollo 13
314,Daniel M. Tani,1996,16,Retired,02/01/1961,"Ridley Park, PA",Male,MIT,2,3162,6,39,"STS-108 (Endeavor), STS-120/122 (Discovery/Atlantis)"
315,Joseph R. Tanner,1992,14,Retired,1/21/1950,"Danville, IL",Male,University of Illinois,4,1045,7,46,"STS-66 (Atlantis), STS-82 (Discovery), STS-97 (Endeavor), STS-115 (Discovery)"
316,Norman E. Thagard,1978,8,Retired,07/03/1943,"Marianna, FL",Male,Florida State University,5,3373,0,0,"STS-7 (Challenger), STS 51-B (Challenger), STS-30 (Atlantis), STS-42 (Discovery), STS-71 (Soyuz/Atlantis)"
317,Andrew S. W. Thomas,1992,14,Management,12/18/1951,"Adelaide, Australia",Male,University of Adelaide,4,4257,1,6,"STS-77 (Endeavor), STS-89/91 (Endeavor/Discovery), STS-102 (Discovery), STS-114 (Discovery)"
318,Donald A. Thomas,1990,13,Retired,05/06/1955,"Cleveland, OH",Male,Case Western Reserve University,4,1040,0,0,"STS-65 (Columbia), STS-70 (Discovery), STS-83 (Columbia), STS-94 (Columbia)"
319,Stephen D. Thorne,1985,11,Deceased,02/11/1953,"Frankfurt, West Germany",Male,US Naval Academy,0,0,0,0,
320,Kathryn C. Thornton,1984,10,Retired,8/17/1952,"Montgomery, AL",Female,Auburn University,4,975,3,21,"STS-33 (Discovery), STS-49 (Endeavor), STS-61 (Endeavor), STS-73 (Columbia)"
321,William E. Thornton,1967,6,Retired,4/14/1929,"Faison, NC",Male,University of North Carolina,2,315,0,0,"STS-8 (Challenger), STS 51-B (Challenger)"
322,Pierre J. Thuot,1985,11,Retired,5/19/1955,"Groton, CT",Male,US Naval Academy,3,654,3,17,"STS-36 (Atlantis), STS-49 (Endeavor), STS-62 (Columbia)"
323,Scott D. Tingle,2009,20,Active,7/19/1965,"Attleboro, MA",Male,Southeastern Massachusetts University,0,0,0,0,
324,Richard H. Truly,1969,7,Retired,11/12/1937,"Fayette, MS",Male,Georgia Institute of Technology,2,199,0,0,"STS-2 (Columbia), STS-8 (Challenger)"
325,Lodewijk van den Berg,1985,11,Retired,3/24/1932,"Sluiskil, Netherlands",Male,Delft University of Technology,1,168,0,0,STS 51-B (Challenger)
326,James D. van Hoften,1978,8,Retired,06/11/1944,"Fresno, CA",Male,University of California-Berkeley,2,338,4,22,"STS 41-C (Challenger), STS 51-I (Discovery)"
327,Mark T. Vande Hei,2009,20,Active,11/10/1966,"Falls Church, VA",Male,Saint John’s University,0,0,0,0,
328,Charles Lacy Veach,1984,10,Deceased,9/18/1944,"Chicago, IL",Male,US Air Force Academy,2,436,0,0,"STS-39 (Discovery), STS-52 (Columbia)"
329,Terry W. Virts Jr. ,2000,18,Active,12/01/1967,"Baltimore, MD",Male,US Air Force Academy,2,5122,3,18,"STS-130 (Endeavor), ISS-42/43 (Soyuz)"
330,James S. Voss,1987,12,Retired,03/03/1949,"Cordova, AL",Male,Auburn University,5,4853,4,22,"STS-44 (Atlantis), STS-53 (Discovery), STS-69 (Endeavor), STS-101 (Atlantis), STS-102/105 (Discovery)"
331,Janice E. Voss,1990,13,Deceased,10/08/1956,"South Bend, IN",Female,Purdue University,5,1179,0,0,"STS-57 (Endeavor), STS-63 (Discovery), STS-83 (Columbia), STS-94 (Columbia), STS-99 (Endeavor)"
332,Rex J. Walheim,1996,16,Active,10/10/1962,"Redwood, CA",Male,University of California-Berkeley,3,872,5,36,"STS-110 (Atlantis), STS-122 (Atlantis), STS-135 (Atlantis)"
333,Charles D. Walker,1984,10,Retired,8/29/1948,"Bedford, IN",Male,Purdue University,3,477,0,0,"STS 41-D (Discovery), STS 51-D (Discovery), STS 61-B (Atlantis)"
334,David M. Walker,1978,8,Deceased,5/20/1944,"Columbus, GA",Male,US Naval Academy,4,724,0,0,"STS 51-A (Discovery), STS-30 (Atlantis), STS-53 (Discovery), STS-69 (Endeavor)"
335,Shannon Walker,2004,19,Active,06/04/1965,"Houston, TX",Female,Rice University,1,3919,0,0,ISS-24/25 (Soyuz)
336,Carl E. Walz,1990,13,Retired,09/06/1955,"Cleveland, OH",Male,Kent State University,4,5533,3,19,"STS-51 (Discovery), STS-65 (Columbia), STS-79 (Atlantis), STS-108/111 (Endeavor)"
337,Taylor G. Wang,1985,11,Retired,6/16/1940,"Jiangxi, China",Male,University of California at Los Angeles,1,168,0,0,STS 51-B (Challenger)
338,Mary E. Weber,1992,14,Retired,8/24/1962,"Cleveland, OH",Female,Purdue University,2,450,0,0,"STS-70 (Discovery), STS-101 (Atlantis)"
339,Paul J. Weitz,1966,5,Retired,6/25/1932,"Erie, PA",Male,Pennsylvania State University,2,793,1,2,"Skylab 2, STS-6 (Challenger)"
340,James D. Wetherbee,1984,10,Retired,11/27/1952,"Flushing, NY",Male,University of Notre Dame,6,1594,0,0,"STS-32 (Columbia), STS-52 (Columbia), STS-63 (Discovery), STS-86 (Atlantis), STS-102 (Discovery), STS-113 (Endeavor)"
341,Douglas H. Wheelock,1998,17,Active,05/05/1960,"Binghamton, NY",Male,US Military Academy,2,4281,6,43,"STS-120 (Discovery), ISS-24/25 (Soyuz)"
342,Edward H. White II ,1962,2,Deceased,11/14/1930,"San Antonio, TX",Male,US Military Academy,2,97,1,1,"Gemini 4, Apollo 1"
343,Peggy A. Whitson,1996,16,Active,02/09/1960,"Mt. Ayr, IA",Female,Iowa Wesleyan College,3,11698,7,46,"STS-111/113 (Endeavor), ISS-16 (Soyuz), ISS-50/51 (Soyuz)"
344,Terrence W. Wilcutt,1990,13,Management,10/31/1949,"Russellville, KY",Male,Western Kentucky University,4,1008,0,0,"STS-68 (Endeavor), STS-79 (Atlantis), STS-89 (Endeavor), STS-106 (Atlantis)"
345,Clifton C. Williams Jr. ,1963,3,Deceased,9/26/1932,"Mobile, AL",Male,Auburn University,0,0,0,0,
346,Donald E. Williams,1978,8,Retired,2/13/1958,"Lafayette, IN",Male,Purdue University,2,287,0,0,"STS 51-D (Discovery), STS-34 (Atlantis)"
347,Jeffrey N. Williams,1996,16,Active,1/18/1958,"Superior, WI",Male,US Military Academy,4,12818,5,32,"STS-101 (Atlantis), ISS-13 (Soyuz), ISS-21/22 (Soyuz), ISS-47/48 (Soyuz)"
348,Sunita L. Williams,1998,17,Active,9/19/1965,"Euclid, OH",Female,US Naval Academy,2,7721,7,50,"STS-116/117 (Discovery/Atlantis), ISS-32/33 (Soyuz)"
349,Barry E. Wilmore,2000,18,Active,12/29/1962,"Murfreesboro, TN",Male,Tennessee Technological University,2,4272,4,25,"STS-129 (Atlantis), ISS-41/42 (Soyuz)"
350,Stephanie D. Wilson,1996,16,Active,9/27/1966,"Boston, MA",Female,Harvard University,3,1031,0,0,"STS-121 (Discovery), STS-120 (Discovery), STS-131 (Discovery)"
351,G. Reid Wiseman,2009,20,Active,11/11/1975,"Baltimore, MD",Male,Rensselaer Polytechnic Institute,1,3968,2,13,ISS-40/41 (Soyuz)
352,Peter J. K. Wisoff,1990,13,Retired,8/16/1958,"Norfolk, VA",Male,University of Virginia,4,1064,3,20,"STS-57 (Endeavor), STS-68 (Endeavor), STS-81 (Atlantis), STS-92 (Discovery)"
353,David A. Wolf,1990,13,Retired,8/23/1956,"Indianapolis, IN",Male,Purdue University,3,4044,7,41,"STS-58 (Columbia). STS-86/89 (Atlantis/Endeavor), STS-112 (Atlantis), STS-127 (Endeavor)"
354,Neil W. Woodward III ,1998,17,Retired,7/26/1962,"Chicago, IL",Male,MIT,0,0,0,0,
355,Alfred M. Worden,1966,5,Retired,02/07/1932,"Jackson, MI",Male,US Military Academy,1,295,1,1,Apollo 15
356,John W. Young,1962,2,Retired,9/24/1930,"San Francisco, CA",Male,Georgia Institute of Technology,6,835,3,20,"Gemini 3, Gemini 10, Apollo 10, Apollo 16, STS-1 (Columbia), STS-9 (Columbia)"
357,George D. Zamka,1998,17,Retired,6/29/1962,"Jersey City, NJ",Male,US Naval Academy,2,692,0,0,"STS-120 (Discovery), STS-130 (Endeavor)"